<?xml version="1.0" encoding="UTF-8"?>
<w:WantList w:release="3.0" w:product="NIEM" w:nillableDefault="true"
  xmlns:w="http://niem.gov/niem/wantlist/2.2" xmlns:nc="http://release.niem.gov/niem/niem-core/3.0/">
  <w:Element w:name="nc:ContactEmailID" w:isReference="false" w:nillable="true"/>
  <w:Element w:name="nc:ContactInformation" w:isReference="false" w:nillable="true"/>
  <w:Element w:name="nc:ContactMailingAddress" w:isReference="false" w:nillable="true"/>
  <w:Element w:name="nc:ContactTelephoneNumber" w:isReference="false" w:nillable="true"/>
  <w:Element w:name="nc:ContactWebsiteURI" w:isReference="false" w:nillable="true"/>
  <w:Element w:name="nc:Date" w:isReference="false" w:nillable="true"/>
  <w:Element w:name="nc:DescriptionText" w:isReference="false" w:nillable="true"/>
  <w:Element w:name="nc:EntityOrganization" w:isReference="false" w:nillable="true"/>
  <w:Element w:name="nc:EntityPerson" w:isReference="false" w:nillable="true"/>
  <w:Element w:name="nc:FullTelephoneNumber" w:isReference="false" w:nillable="true"/>
  <w:Type w:name="nc:AddressType" w:isRequested="false">
    <w:ElementInType w:name="nc:AddressFullText" w:isReference="false"
      w:minOccurs="0" w:maxOccurs="unbounded"/>
  </w:Type>
  <w:Type w:name="nc:ContactInformationType" w:isRequested="false">
    <w:ElementInType w:name="nc:ContactMeans" w:isReference="false"
      w:minOccurs="0" w:maxOccurs="unbounded"/>
    <w:ElementInType w:name="nc:ContactEntity" w:isReference="false"
      w:minOccurs="0" w:maxOccurs="unbounded"/>
    <w:ElementInType w:name="nc:ContactResponder" w:isReference="false"
      w:minOccurs="0" w:maxOccurs="unbounded"/>
  </w:Type>
  <w:Type w:name="nc:EntityType" w:isRequested="false">
    <w:ElementInType w:name="nc:EntityRepresentation"
      w:isReference="false" w:minOccurs="0" w:maxOccurs="unbounded"/>
  </w:Type>
  <w:Type w:name="nc:FullTelephoneNumberType" w:isRequested="false">
    <w:ElementInType w:name="nc:TelephoneNumberFullID"
      w:isReference="false" w:minOccurs="0" w:maxOccurs="unbounded"/>
  </w:Type>
  <w:Type w:name="nc:OrganizationType" w:isRequested="false">
    <w:ElementInType w:name="nc:OrganizationName" w:isReference="false"
      w:minOccurs="0" w:maxOccurs="unbounded"/>
  </w:Type>
  <w:Type w:name="nc:PersonNameType" w:isRequested="false">
    <w:ElementInType w:name="nc:PersonFullName" w:isReference="false"
      w:minOccurs="0" w:maxOccurs="unbounded"/>
  </w:Type>
  <w:Type w:name="nc:PersonType" w:isRequested="false">
    <w:ElementInType w:name="nc:PersonName" w:isReference="false"
      w:minOccurs="0" w:maxOccurs="unbounded"/>
  </w:Type>
  <w:Type w:name="nc:TelephoneNumberType" w:isRequested="false">
    <w:ElementInType w:name="nc:TelephoneNumberRepresentation"
      w:isReference="false" w:minOccurs="0" w:maxOccurs="unbounded"/>
  </w:Type>
</w:WantList>
