<?xml version="1.0" encoding="UTF-8"?>
<w:WantList w:release="3.0-with-domain-updates" w:product="NIEM"
  w:nillableDefault="true" xmlns:w="http://niem.gov/niem/wantlist/2.2" xmlns:nc="http://release.niem.gov/niem/niem-core/3.0/">
  <w:Element w:name="nc:Address" w:isReference="false" w:nillable="true"/>
  <w:Element w:name="nc:AddressFullText" w:isReference="false" w:nillable="true"/>
  <w:Element w:name="nc:ContactEmailID" w:isReference="false" w:nillable="true"/>
  <w:Element w:name="nc:ContactResponder" w:isReference="false" w:nillable="true"/>
  <w:Element w:name="nc:ContactTelephoneNumber" w:isReference="false" w:nillable="true"/>
  <w:Element w:name="nc:ContactWebsiteURI" w:isReference="false" w:nillable="true"/>
  <w:Element w:name="nc:EntityOrganization" w:isReference="false" w:nillable="true"/>
  <w:Element w:name="nc:OrganizationLocation" w:isReference="false" w:nillable="true"/>
  <w:Element w:name="nc:OrganizationName" w:isReference="false" w:nillable="true"/>
  <w:Element w:name="nc:OrganizationPrimaryContactInformation"
    w:isReference="false" w:nillable="true"/>
  <w:Element w:name="nc:PersonFullName" w:isReference="false" w:nillable="true"/>
  <w:Element w:name="nc:PersonName" w:isReference="false" w:nillable="true"/>
  <w:Element w:name="nc:TelephoneNumberRepresentation"
    w:isReference="false" w:nillable="true"/>
</w:WantList>
