<?xml version="1.0" encoding="UTF-8"?>
<!--
   - An example of an unclassified CoT-NIEM message.
   - Includes DoD distribution statements.
 -->
<cot:Event 
 xmlns:cot="http://example.com/cot-niem/0.9/"
 xmlns:nc="http://release.niem.gov/niem/niem-core/3.0/" 
 xmlns:mof="http://example.com/milops/1.1/" 
 xmlns:gml="http://www.opengis.net/gml/3.2"
 xmlns:poc="http://example.com/POC/0.0/"
 xmlns:ism="urn:us:gov:ic:ism"
 xmlns:ntk="urn:us:gov:ic:ntk"
 ntk:DESVersion="10" 
 ism:resourceElement="true"
 ism:createDate="2014-03-12"
 ism:DESVersion="13"
 ism:ISMCATCESVersion="1"
 ism:classification="U"
 ism:ownerProducer="USA"
 ism:compliesWith="USGov USIC USDOD"
 ism:noticeType="DoD-Dist-C"
 ism:noticeReason="Export Controlled" 
 ism:noticeDate="2011-11-21">
    <cot:EventID ism:classification="U" ism:ownerProducer="USA">
        <nc:IdentificationID>1MEF-UNIT3</nc:IdentificationID>
    </cot:EventID>
    <cot:EventTypeCode ism:classification="U" ism:ownerProducer="USA">ATOM.GRDTRK</cot:EventTypeCode>
    <mof:EventLocation ism:classification="U" ism:ownerProducer="USA">
         <mof:LocationCylinder>
            <mof:LocationPoint>
                <gml:Point gml:id="I1" srsName="http://metadata.ces.mil/mdr/ns/GSIP/crs/WGS84E_3D">
                    <gml:pos>32.23426 -110.34511 90.2</gml:pos>
                </gml:Point>
            </mof:LocationPoint>
            <mof:LocationCylinderRadiusValue>44.2</mof:LocationCylinderRadiusValue>
            <mof:LocationCylinderHalfHeightValue>21.7</mof:LocationCylinderHalfHeightValue>
            <mof:LocationCreationCode>MACHINE.GPS</mof:LocationCreationCode>
        </mof:LocationCylinder>
    </mof:EventLocation>
    <mof:EventValidityDateTimeRange ism:classification="U" ism:ownerProducer="USA">
        <nc:StartDate>
            <nc:DateTime>2006-05-04T18:14:00.0Z</nc:DateTime>
        </nc:StartDate>
        <nc:EndDate>
            <nc:DateTime>2006-05-04T18:15:00.0Z</nc:DateTime>
        </nc:EndDate>
    </mof:EventValidityDateTimeRange>
    <mof:EventMessageDateTime ism:classification="U" ism:ownerProducer="USA">
        <nc:DateTime>2006-05-04T18:13:51.0Z</nc:DateTime>
    </mof:EventMessageDateTime>
    <cot:EventStandardIdentityCode ism:classification="U" ism:ownerProducer="USA">FRIEND</cot:EventStandardIdentityCode>
    <cot:EventOPEXCode ism:classification="U" ism:ownerProducer="USA">EXERCISE</cot:EventOPEXCode>
    <cot:EventSensor ism:classification="U" ism:ownerProducer="USA">
        <mof:Orientation>
            <mof:AzimuthValue mof:sigmaErrorValue="10">225.5</mof:AzimuthValue>
            <mof:InclinationValue>-40</mof:InclinationValue>
            <mof:RollValue>145.5</mof:RollValue>
        </mof:Orientation>
        <cot:SensorTypeCode>RASTER</cot:SensorTypeCode>
        <cot:SensorTypeExtendedCode mof:codespaceID="http://example.com/WhoKnowsWhat">BigPeeper</cot:SensorTypeExtendedCode>
        <cot:SensorModelName>Looky-Lou</cot:SensorModelName>
    </cot:EventSensor>
    <cot:EventCommunityExtensions ism:classification="U" ism:ownerProducer="USA">
        <ism:Notice ism:classification="U" ism:ownerProducer="USA" 
            ism:noticeType="DoD-Dist-C"
            ism:noticeReason="Export Controlled" 
            ism:noticeDate="2011-11-21">
            <ism:NoticeText>
                DISTRIBUTION STATEMENT C. 
                Distribution authorized to U.S. Government agencies and their contractors 
                (Critical Technology, Export Controlled, Software Documentation) (15 Nov 2011). 
                Other requests for this document shall be referred to Joint Staff J6, Data and Services Division.
                WARNING - This document contains technical data whose export is restricted by the 
                Arms Export Control Act (Title 22, U.S.C., Sec 2751, et seq.) or the Export Administration 
                Act of 1979 (Title 50, U.S.C., App. 2401 et seq.), as amended. Violations of these export 
                laws are subject to severe criminal penalties. Disseminate in accordance with provisions of DoD Directive 5230.25.    
            </ism:NoticeText>
        </ism:Notice>
        <poc:Contact ism:pocType="DoD-Dist-C">
            <poc:Name>Jenny</poc:Name>
            <poc:Phone>867-5309</poc:Phone>
        </poc:Contact>
    </cot:EventCommunityExtensions>
</cot:Event>

