<?xml version="1.0" encoding="UTF-8"?>
<w:WantList w:release="3.0" w:product="NIEM" w:nillableDefault="true"
  xmlns:w="http://niem.gov/niem/wantlist/2.2"
  xmlns:niem-xs="http://release.niem.gov/niem/proxy/xsd/3.0/"
  xmlns:gml="http://www.opengis.net/gml/3.2"
  xmlns:nc="http://release.niem.gov/niem/niem-core/3.0/"
  xmlns:xls="http://release.niem.gov/niem/external/ogc/xls/1.1.0/dhs-gmo/2.1.0"
  xmlns:geo="http://release.niem.gov/niem/adapters/geospatial/3.0/" xmlns:xs="http://www.w3.org/2001/XMLSchema">
  <w:Element w:name="nc:DateRepresentation" w:isReference="false" w:nillable="true"/>
  <w:Element w:name="nc:DateTime" w:isReference="false" w:nillable="false"/>
  <w:Type w:name="niem-xs:anyURI" w:isRequested="true"/>
  <w:Type w:name="niem-xs:boolean" w:isRequested="true"/>
  <w:Type w:name="niem-xs:dateTime" w:isRequested="true"/>
  <w:Type w:name="niem-xs:decimal" w:isRequested="true"/>
  <w:Type w:name="niem-xs:integer" w:isRequested="true"/>
  <w:Type w:name="niem-xs:nonNegativeInteger" w:isRequested="true"/>
  <w:Type w:name="niem-xs:string" w:isRequested="true"/>
  <w:Type w:name="niem-xs:token" w:isRequested="true"/>
  <w:Type w:name="xs:anyURI" w:isRequested="true"/>
  <w:Type w:name="xs:dateTime" w:isRequested="true"/>
  <w:Type w:name="xs:token" w:isRequested="true"/>
</w:WantList>
