<?xml version="1.0" encoding="US-ASCII"?>
<!DOCTYPE catalog PUBLIC "-//OASIS//DTD Entity Resolution XML Catalog V1.0//EN" "http://www.oasis-open.org/committees/entity/release/1.0/catalog.dtd">
<catalog prefer="public" xmlns="urn:oasis:names:tc:entity:xmlns:xml:catalog">
  <uri name="http://release.niem.gov/niem/adapters/geospatial/3.0/" uri="adapters/geospatial/3.0/geospatial.xsd"/>
  <uri name="http://release.niem.gov/niem/appinfo/3.0/" uri="appinfo/3.0/appinfo.xsd"/>
  <uri name="http://release.niem.gov/niem/codes/cbrncl/3.0/" uri="codes/cbrncl/3.0/cbrncl.xsd"/>
  <uri name="http://release.niem.gov/niem/conformanceTargets/3.0/" uri="conformanceTargets/3.0/conformanceTargets.xsd"/>
  <uri name="http://release.niem.gov/niem/domains/cbrn/3.0/" uri="domains/cbrn/3.0/cbrn.xsd"/>
  <uri name="http://release.niem.gov/niem/localTerminology/3.0/" uri="localTerminology/3.0/localTerminology.xsd"/>
  <uri name="http://release.niem.gov/niem/niem-core/3.0/" uri="niem-core/3.0/niem-core.xsd"/>
  <uri name="http://release.niem.gov/niem/proxy/xsd/3.0/" uri="proxy/xsd/3.0/xs.xsd"/>
  <uri name="http://release.niem.gov/niem/structures/3.0/" uri="structures/3.0/structures.xsd"/>
  <nextCatalog catalog="external/ogc/xml-catalog.xml"/>
</catalog>