<?xml version="1.0" encoding="UTF-8"?>
<!-- 
   - All classification marks in this example are for illustrative purposes only.
   - There are no actual classified data contained in this example.
   - Document is marked TS//NF overall with ORCON, with S//REL and TS//NF portions
   - Includes mandatory OC-NTK.
   - Includes authority 50X1-HUM.
 -->
<cot:Event 
 xmlns:cot="http://example.com/cot-niem/0.9/"
 xmlns:nc="http://release.niem.gov/niem/niem-core/3.0/" 
 xmlns:mof="http://example.com/milops/1.1/" 
 xmlns:gml="http://www.opengis.net/gml/3.2"
 xmlns:ism="urn:us:gov:ic:ism" 
 xmlns:ntk="urn:us:gov:ic:ntk"
 ntk:DESVersion="10"
 ism:resourceElement="true"
 ism:createDate="2014-03-12"
 ism:DESVersion="13"
 ism:ISMCATCESVersion="1"
 ism:compliesWith="USGov USIC"
 ism:classification="TS"
 ism:ownerProducer="USA"
 ism:disseminationControls="OC NF"
 ism:derivativelyClassifiedBy="John Doe, JITF-CT DIA"
 ism:derivedFrom="Multiple Sources"
 ism:declassException="50X1-HUM">
    <cot:EventID ism:classification="S" ism:ownerProducer="USA" ism:disseminationControls="REL" ism:releasableTo="USA AUS NATO">
        <nc:IdentificationID>1MEF-UNIT3</nc:IdentificationID>
    </cot:EventID>
    <cot:EventTypeCode ism:classification="S" ism:ownerProducer="USA" ism:disseminationControls="REL" ism:releasableTo="USA AUS NATO">
        ATOM.GRDTRK
    </cot:EventTypeCode>
    <mof:EventLocation ism:classification="S" ism:ownerProducer="USA" ism:disseminationControls="REL" ism:releasableTo="USA AUS NATO">
         <mof:LocationCylinder>
            <mof:LocationPoint>
                <gml:Point gml:id="I1" srsName="http://metadata.ces.mil/mdr/ns/GSIP/crs/WGS84E_3D">
                    <gml:pos>32.23426 -110.34511 90.2</gml:pos>
                </gml:Point>
            </mof:LocationPoint>
            <mof:LocationCylinderRadiusValue>44.2</mof:LocationCylinderRadiusValue>
            <mof:LocationCylinderHalfHeightValue>21.7</mof:LocationCylinderHalfHeightValue>
            <mof:LocationCreationCode>MACHINE.GPS</mof:LocationCreationCode>
        </mof:LocationCylinder>
    </mof:EventLocation>
    <mof:EventValidityDateTimeRange ism:classification="S" ism:ownerProducer="USA" ism:disseminationControls="REL" ism:releasableTo="USA AUS NATO">
        <nc:StartDate>
            <nc:DateTime>2006-05-04T18:14:00.0Z</nc:DateTime>
        </nc:StartDate>
        <nc:EndDate>
            <nc:DateTime>2006-05-04T18:15:00.0Z</nc:DateTime>
        </nc:EndDate>
    </mof:EventValidityDateTimeRange>
    <mof:EventMessageDateTime ism:classification="S" ism:ownerProducer="USA" ism:disseminationControls="REL" ism:releasableTo="USA AUS NATO">
        <nc:DateTime>2006-05-04T18:13:51.0Z</nc:DateTime>
    </mof:EventMessageDateTime>
    <mof:EventComment ism:classification="TS" ism:ownerProducer="USA" ism:disseminationControls="NF">
        <nc:CommentCreationDate>
            <nc:DateTime>2006-05-04T18:13:51.0Z</nc:DateTime>
        </nc:CommentCreationDate>
        <nc:CommentText>The source was Tommy Atkins</nc:CommentText>
    </mof:EventComment>
    <cot:EventStandardIdentityCode ism:classification="S" ism:ownerProducer="USA" ism:disseminationControls="REL" ism:releasableTo="USA AUS NATO">
        FRIEND
    </cot:EventStandardIdentityCode>
    <cot:EventOPEXCode ism:classification="S" ism:ownerProducer="USA" ism:disseminationControls="REL" ism:releasableTo="USA AUS NATO">
        EXERCISE
    </cot:EventOPEXCode>
    <cot:EventSensor ism:classification="S" ism:ownerProducer="USA" ism:disseminationControls="REL" ism:releasableTo="USA AUS NATO">
        <mof:Orientation ism:classification="S" ism:ownerProducer="USA" ism:disseminationControls="REL" ism:releasableTo="USA AUS NATO">
            <mof:AzimuthValue mof:sigmaErrorValue="10">225.5</mof:AzimuthValue>
            <mof:InclinationValue>-40</mof:InclinationValue>
            <mof:RollValue>145.5</mof:RollValue>
        </mof:Orientation>
        <cot:SensorTypeCode ism:classification="S" ism:ownerProducer="USA" ism:disseminationControls="REL" ism:releasableTo="USA AUS NATO">
            RASTER
        </cot:SensorTypeCode>
        <cot:SensorTypeExtendedCode mof:codespaceID="http://example.com/WhoKnowsWhat" ism:classification="TS" ism:ownerProducer="USA" ism:disseminationControls="NF">
            BigPeeper
        </cot:SensorTypeExtendedCode>
        <cot:SensorModelName ism:classification="TS" ism:ownerProducer="USA" ism:disseminationControls="NF">
            Looky-Lou
        </cot:SensorModelName>
    </cot:EventSensor>
    <cot:EventCommunityExtensions>
        <ntk:Access>
            <ntk:RequiresAnyOf ism:classification="U" ism:ownerProducer="USA">
                <ntk:AccessProfileList ism:classification="U" ism:ownerProducer="USA">
                    <ntk:AccessProfile ism:classification="U" ism:ownerProducer="USA">
                        <ntk:AccessPolicy ism:classification="U" ism:ownerProducer="USA">guide://2020/oc-ntk.aces</ntk:AccessPolicy>
                        <ntk:ProfileDes ism:classification="U" ism:ownerProducer="USA">guide://2020/oc-ntk.des.v1</ntk:ProfileDes>
                        <ntk:AccessProfileValue ntk:vocabulary="urn:us:gov:ic:ntk:profile:oc:originator" ism:classification="U" ism:ownerProducer="USA">CIA</ntk:AccessProfileValue>
                    </ntk:AccessProfile>
                </ntk:AccessProfileList>
            </ntk:RequiresAnyOf>
        </ntk:Access>
    </cot:EventCommunityExtensions>
</cot:Event>

