<?xml version="1.0" encoding="US-ASCII"?>
<c:Catalog 
    xmlns:cot="http://example.com/cot-niem/0.8/"
    xmlns:c="http://reference.niem.gov/niem/resource/mpd/catalog/3.0/"
    xmlns:structures="http://release.niem.gov/niem/structures/3.0/"
    xmlns:nc="http://release.niem.gov/niem/niem-core/3.0/">
    <c:MPD 
        c:mpdURI="http://example.com/cot-iepd/0.8beta1/" 
        c:mpdClassCode="iepd"
        c:mpdName="cot-iepd" 
        c:mpdVersionID="0.8beta1">
        <c:MPDInformation>
            <c:AuthoritativeSource> 
                <nc:EntityOrganization>
                    <nc:OrganizationName>CoT Program Office</nc:OrganizationName>
                    <nc:OrganizationPrimaryContactInformation>
                        <nc:ContactWebsiteURI>https://partners.mitre.org/sites/CoTUserGroup/</nc:ContactWebsiteURI>
                    </nc:OrganizationPrimaryContactInformation>
                </nc:EntityOrganization>
            </c:AuthoritativeSource>
            <c:CreationDate>2014-03-13</c:CreationDate>
            <c:StatusText>Beta</c:StatusText>
        </c:MPDInformation>
        <c:IEPConformanceTarget structures:id="CoT-NIEM-IEP">
            <nc:DescriptionText>
                An IEP class equivalent to Cursor-on-Target 2.0 messages
            </nc:DescriptionText>
            <c:HasDocumentElement c:qualifiedNameList="cot:Event"/>
            <c:XMLSchemaValid>
                <c:XMLCatalog c:pathURI="xml-catalog.xml"/>
            </c:XMLSchemaValid>
            <c:SchematronValid>
                <c:SchematronSchema c:pathURI="schematron/business-rules.sch"/>
            </c:SchematronValid>
       <!-- <c:EXISchema>
                <c:XMLCatalog c:pathURI="xml-catalog-exi.xml"/>
                <c:XMLSchemaDocument c:pathURI="extension/cot-niem.xsd"/>
            </c:EXISchema> -->
            <c:IEPSampleXMLDocument c:pathURI="iep-samples/cot-iep1.xml"/>
        </c:IEPConformanceTarget>
        <c:MasterDocument c:pathURI="master-document.txt"/>
        <c:MPDChangeLog c:pathURI="changelog.txt"></c:MPDChangeLog>
        <c:Wantlist c:pathURI="niem/wantlist.xml"/>
        <c:ExtensionSchemaDocument c:pathURI="extension/cot-niem.xsd"/>
        <c:ExtensionSchemaDocument c:pathURI="extension/cot-niem-codes.xsd"/>
        <c:ReferenceSchemaDocument c:pathURI="extension/milops-future.xsd"/>
    </c:MPD>
</c:Catalog>
