<?xml version="1.0" encoding="UTF-8"?>
<!-- Created by hand. Should be equivalent to iep1.xml -->
<event
    version="2.0"
    uid="1MEF-UNIT3"
    type="a-f-G-a-e"
    time="2006-05-04T18:13:51.0Z"
    start="2006-05-04T18:14:00.0Z"
    stale="2006-05-04T18:15:00.0Z"
    how="m-g"
    access="some text here"
    qos="4-r-g"
    opex="EXERCISE">
    <point 
        lat="32.23426"
        lon="-110.34511"
        hae="90.2"
        ce="44.2"
        le="21.7"/>
    <detail>
        <shape>
            <ellipse major="155.2" minor="92.0" angle="20.0" level="2"/>
            <polyline closed="false" level="1">
                <vertex lat="32.23426" lon="-110.34511" hae="90.2"/>
                <vertex lat="32.23426" lon="-110.34700" hae="90.2"/>
                <vertex lat="32.23426" lon="-110.34876" hae="90.2"/>
            </polyline>
            <polyline closed="true" level="1">
                <vertex lat="32.23426" lon="-110.34511" hae="90.2"/>
                <vertex lat="32.23435" lon="-110.34544" hae="90.2"/>
                <vertex lat="32.23444" lon="-110.34555" hae="90.2"/>
            </polyline>
        </shape>
        <track course="179.5" slope="-15.0" speed="225" eSpeed="25.0"/>
        <spatial>
            <attitude roll="0.0" pitch="5.0" yaw="0.0" eRoll="5" ePitch="2" eYaw="5"/>
            <spin roll="0" pitch="0" yaw="0"/>
        </spatial>
        <contact 
            dsn="456-7890" 
            phone="234-567-8910" 
            email="root@example.com"
            hostname="www.example.com"
            freq="115.4"
            callsign="FROGGER"
            modulation="FM"/>
        <remarks 
            source="TBMCS" 
            time="006-05-04T18:13:51.0Z" 
            to="Someone somewhere" 
            keywords="plane,missile">
            Now is the time for all good men
        </remarks>
        <uid tbmcs="10023001" tadil="1101-2210-10"/>
        <link 
            relation="p-t" 
            uid="ImgReq-01" 
            type="t-s-i" 
            url="www.oxygenxml.com" 
            remarks="Go photograph this thing" 
            mime="application/xml"/>
        <image
            type="SOME.CODE" 
            georegistered="false"
            source="ID-12345"
            resolution="50" 
            url="http://www.oxygenxml.com"
            fov="179.5" 
            size="50" 
            analysis="false"
            mime="text/html" 
            width="50" 
            height="50" 
            reason="I need it"
            bands="3"
            mimecsv="image/jpeg" 
            north="45"
            quality="VeryNice">
            ZGVmYXVsdA==
        </image>
        <sensor 
            azimuth="225.5" 
            elevation="-40" 
            roll="145.5" 
            fov="179.5" 
            vfov="45" 
            north="195"
            type="RASTER"
            model="Looky-Lou" 
            range="12330"/>
        <request 
            notify="udp://awacs.mil:2200" 
            wilcoby="2006-05-04T18:13:51.0Z"
            to="tbmcs" 
            authority="awacs"/>
        <_flowtag tbmcs="2006-05-04T18:13:51.0Z" adocs="2006-05-04T18:13:55.0Z"/>
        <anything><at-all/></anything>
    </detail>
</event>

