<?xml version="1.0" encoding="UTF-8"?>
<cot:Event 
 xmlns:cot="http://example.com/cot-niem/0.9/"
 xmlns:nc="http://release.niem.gov/niem/niem-core/3.0/" 
 xmlns:mof="http://example.com/milops/1.1/" 
 xmlns:gml="http://www.opengis.net/gml/3.2">
    <cot:EventID>
        <nc:IdentificationID>1MEF-UNIT3</nc:IdentificationID>
    </cot:EventID>
    <cot:EventTypeCode>ATOM.GRDTRK</cot:EventTypeCode>
    <mof:EventLocation>
        <mof:LocationCylinder>
            <mof:LocationPoint>
                <gml:Point gml:id="I1" srsName="http://metadata.ces.mil/mdr/ns/GSIP/crs/WGS84E_3D">
                    <gml:pos>32.23426 -110.34511 90.2</gml:pos>
                </gml:Point>
            </mof:LocationPoint>
            <mof:LocationCylinderRadiusValue>44.2</mof:LocationCylinderRadiusValue>
            <mof:LocationCylinderHalfHeightValue>21.7</mof:LocationCylinderHalfHeightValue>
            <mof:LocationCreationCode>MACHINE.GPS</mof:LocationCreationCode>
        </mof:LocationCylinder>
    </mof:EventLocation>
    <mof:EventValidityDateTimeRange>
        <nc:StartDate>
            <nc:DateTime>2006-05-04T18:14:00.0Z</nc:DateTime>
        </nc:StartDate>
        <nc:EndDate>
            <nc:DateTime>2006-05-04T18:15:00.0Z</nc:DateTime>
        </nc:EndDate>
    </mof:EventValidityDateTimeRange>
    <mof:EventMessageDateTime>
        <nc:DateTime>2006-05-04T18:13:51.0Z</nc:DateTime>
    </mof:EventMessageDateTime>
    <cot:EventTypeExtendedCode mof:codespaceID="http://examples.com/SillyAnimals">
        ANIMAL.ELEPHANT
    </cot:EventTypeExtendedCode>
    <cot:EventStandardIdentityCode>FRIEND</cot:EventStandardIdentityCode>
    <cot:EventOPEXCode>EXERCISE</cot:EventOPEXCode>
    <cot:EventMessageDelivery>
        <cot:DeliveryPriorityNumeric>4</cot:DeliveryPriorityNumeric>
        <cot:DeliveryOvertakingCode>REPLACE</cot:DeliveryOvertakingCode>
        <cot:DeliveryAssuranceCode>GUARANTEED</cot:DeliveryAssuranceCode>
    </cot:EventMessageDelivery>
</cot:Event>

