<?xml version="1.0" encoding="UTF-8"?>
<w:WantList w:release="3.0" w:product="NIEM" w:nillableDefault="true"
  xmlns:w="http://niem.gov/niem/wantlist/2.2"
  xmlns:niem-xs="http://release.niem.gov/niem/proxy/xsd/3.0/"
  xmlns:gml="http://www.opengis.net/gml/3.2"
  xmlns:nc="http://release.niem.gov/niem/niem-core/3.0/"
  xmlns:xls="http://release.niem.gov/niem/external/ogc/xls/1.1.0/dhs-gmo/2.1.0"
  xmlns:geo="http://release.niem.gov/niem/adapters/geospatial/3.0/" xmlns:xs="http://www.w3.org/2001/XMLSchema">
  <w:Attribute w:name="nc:sequenceID"/>
  <w:Element w:name="geo:Ellipse" w:isReference="false" w:nillable="true"/>
  <w:Element w:name="geo:LocationGeospatialPoint" w:isReference="false" w:nillable="false"/>
  <w:Element w:name="gml:Point" w:isReference="false" w:nillable="true"/>
  <w:Element w:name="nc:AreaRegion" w:isReference="false" w:nillable="true"/>
  <w:Element w:name="nc:Azimuth360Value" w:isReference="false" w:nillable="false"/>
  <w:Element w:name="nc:Base64BinaryObject" w:isReference="false" w:nillable="true"/>
  <w:Element w:name="nc:ContactEmailID" w:isReference="false" w:nillable="true"/>
  <w:Element w:name="nc:ContactRadioCallSignID" w:isReference="false" w:nillable="true"/>
  <w:Element w:name="nc:ContactRadioChannelText" w:isReference="false" w:nillable="true"/>
  <w:Element w:name="nc:ContactTelephoneNumber" w:isReference="false" w:nillable="false"/>
  <w:Element w:name="nc:DateRepresentation" w:isReference="false" w:nillable="true"/>
  <w:Element w:name="nc:DateTime" w:isReference="false" w:nillable="false"/>
  <w:Element w:name="nc:DocumentFormatText" w:isReference="false" w:nillable="false"/>
  <w:Element w:name="nc:FullTelephoneNumber" w:isReference="false" w:nillable="false"/>
  <w:Element w:name="nc:ImageHeightValue" w:isReference="false" w:nillable="true"/>
  <w:Element w:name="nc:ImageWidthValue" w:isReference="false" w:nillable="true"/>
  <w:Element w:name="nc:LocationArea" w:isReference="false" w:nillable="false"/>
  <w:Element w:name="nc:LocationGeospatialCoordinate"
    w:isReference="false" w:nillable="true"/>
  <w:Element w:name="nc:TelephoneNumberRepresentation"
    w:isReference="false" w:nillable="true"/>
  <w:Type w:name="geo:EllipseType" w:isRequested="true">
    <w:ElementInType w:name="xls:Ellipse" w:isReference="false"
      w:minOccurs="1" w:maxOccurs="1"/>
  </w:Type>
  <w:Type w:name="geo:LineStringType" w:isRequested="true"/>
  <w:Type w:name="geo:PointType" w:isRequested="true">
    <w:ElementInType w:name="gml:Point" w:isReference="false"
      w:minOccurs="1" w:maxOccurs="1"/>
  </w:Type>
  <w:Type w:name="geo:PolygonType" w:isRequested="true">
    <w:ElementInType w:name="gml:Polygon" w:isReference="false"
      w:minOccurs="1" w:maxOccurs="1"/>
  </w:Type>
  <w:Type w:name="nc:AreaType" w:isRequested="true">
    <w:ElementInType w:name="nc:AreaRegion" w:isReference="false"
      w:minOccurs="1" w:maxOccurs="1"/>
  </w:Type>
  <w:Type w:name="nc:CommentType" w:isRequested="false">
    <w:ElementInType w:name="nc:CommentAuthorText" w:isReference="false"
      w:minOccurs="0" w:maxOccurs="1"/>
    <w:ElementInType w:name="nc:CommentCreationDate"
      w:isReference="false" w:minOccurs="0" w:maxOccurs="1"/>
    <w:ElementInType w:name="nc:CommentText" w:isReference="false"
      w:minOccurs="1" w:maxOccurs="1"/>
    <w:ElementInType w:name="nc:CommentAugmentationPoint"
      w:isReference="false" w:minOccurs="0" w:maxOccurs="1"/>
  </w:Type>
  <w:Type w:name="nc:ContactInformationType" w:isRequested="true">
    <w:ElementInType w:name="nc:ContactMeans" w:isReference="false"
      w:minOccurs="0" w:maxOccurs="unbounded"/>
  </w:Type>
  <w:Type w:name="nc:ContactRadioType" w:isRequested="false">
    <w:ElementInType w:name="nc:ContactRadioChannelText"
      w:isReference="false" w:minOccurs="0" w:maxOccurs="1"/>
    <w:ElementInType w:name="nc:ContactRadioCallSignID"
      w:isReference="false" w:minOccurs="0" w:maxOccurs="1"/>
  </w:Type>
  <w:Type w:name="nc:DateRangeType" w:isRequested="true">
    <w:ElementInType w:name="nc:StartDate" w:isReference="false"
      w:minOccurs="1" w:maxOccurs="1"/>
    <w:ElementInType w:name="nc:EndDate" w:isReference="false"
      w:minOccurs="1" w:maxOccurs="1"/>
  </w:Type>
  <w:Type w:name="nc:DateType" w:isRequested="true">
    <w:ElementInType w:name="nc:DateRepresentation"
      w:isReference="false" w:minOccurs="1" w:maxOccurs="1"/>
  </w:Type>
  <w:Type w:name="nc:FullTelephoneNumberType" w:isRequested="true">
    <w:ElementInType w:name="nc:TelephoneNumberFullID"
      w:isReference="false" w:minOccurs="1" w:maxOccurs="1"/>
  </w:Type>
  <w:Type w:name="nc:IdentificationType" w:isRequested="false">
    <w:ElementInType w:name="nc:IdentificationID" w:isReference="false"
      w:minOccurs="1" w:maxOccurs="1"/>
    <w:ElementInType w:name="nc:IdentificationJurisdiction"
      w:isReference="false" w:minOccurs="0" w:maxOccurs="1"/>
  </w:Type>
  <w:Type w:name="nc:JurisdictionType" w:isRequested="false">
    <w:ElementInType w:name="nc:JurisdictionAbstract"
      w:isReference="false" w:minOccurs="1" w:maxOccurs="1"/>
  </w:Type>
  <w:Type w:name="nc:LocationType" w:isRequested="true">
    <w:ElementInType w:name="nc:LocationArea" w:isReference="false"
      w:minOccurs="0" w:maxOccurs="unbounded"/>
    <w:ElementInType w:name="nc:LocationGeospatialCoordinate"
      w:isReference="false" w:minOccurs="1" w:maxOccurs="1"/>
    <w:ElementInType w:name="nc:LocationAugmentationPoint"
      w:isReference="false" w:minOccurs="0" w:maxOccurs="unbounded"/>
  </w:Type>
  <w:Type w:name="nc:NonNegativeDecimalSimpleType" w:isRequested="true"/>
  <w:Type w:name="nc:TelephoneNumberType" w:isRequested="true">
    <w:ElementInType w:name="nc:TelephoneNumberRepresentation"
      w:isReference="false" w:minOccurs="1" w:maxOccurs="1"/>
  </w:Type>
  <w:Type w:name="niem-xs:anyURI" w:isRequested="true"/>
  <w:Type w:name="niem-xs:boolean" w:isRequested="true"/>
  <w:Type w:name="niem-xs:dateTime" w:isRequested="true"/>
  <w:Type w:name="niem-xs:decimal" w:isRequested="true"/>
  <w:Type w:name="niem-xs:integer" w:isRequested="true"/>
  <w:Type w:name="niem-xs:nonNegativeInteger" w:isRequested="true"/>
  <w:Type w:name="niem-xs:string" w:isRequested="true"/>
  <w:Type w:name="niem-xs:token" w:isRequested="true"/>
  <w:Type w:name="xs:anyURI" w:isRequested="true"/>
  <w:Type w:name="xs:dateTime" w:isRequested="true"/>
  <w:Type w:name="xs:token" w:isRequested="true"/>
</w:WantList>
