<?xml version="1.0" encoding="UTF-8"?>
<cot:Event 
 xmlns:cot="http://example.com/cot-niem/0.8/"
 xmlns:nc="http://release.niem.gov/niem/niem-core/3.0/" 
 xmlns:mof="http://example.com/milops/1.1/" 
 xmlns:geo="http://release.niem.gov/niem/adapters/geospatial/3.0/"
 xmlns:xls="http://release.niem.gov/niem/external/ogc/xls/1.1.0/dhs-gmo/2.1.0"
 xmlns:gml="http://www.opengis.net/gml/3.2"
 xmlns:ism="urn:us:gov:ic:ism"
 ism:resourceElement="true"
 ism:createDate="2014-03-12"
 ism:DESVersion="12"
 ism:ISMCATCESVersion="1"
 ism:classification="U"
 ism:ownerProducer="USA">
    <cot:EventID>
        <nc:IdentificationID>1MEF-UNIT3</nc:IdentificationID>
    </cot:EventID>
    <cot:EventTypeCode>ATOM.GRDTRK</cot:EventTypeCode>
    <mof:EventLocation ism:classification="U" ism:ownerProducer="USA">
        <nc:LocationArea>
            <cot:LocationEllipse cot:preferenceOrderValue="2">
                <xls:Ellipse gml:id="F1" srsName="http://metadata.ces.mil/mdr/ns/GSIP/crs/WGS84E_3D">
                    <gml:pos>32.23426 -110.34511 90.2</gml:pos>
                    <xls:majorAxis uom="meter">155.2</xls:majorAxis>
                    <xls:minorAxis uom="meter">92.0</xls:minorAxis>
                    <xls:rotation uom="degree">20.0</xls:rotation>
                </xls:Ellipse>
                <cot:EllipseHeightValue>50</cot:EllipseHeightValue>
            </cot:LocationEllipse>
        </nc:LocationArea> 
        <nc:LocationArea>
            <cot:LocationLineString cot:preferenceOrderValue="1">
                <gml:LineString gml:id="F2" srsName="http://metadata.ces.mil/mdr/ns/GSIP/crs/WGS84E_3D">
                    <gml:pos>32.23426 -110.34511 90.2</gml:pos>
                    <gml:pos>32.23426 -110.34700 90.2</gml:pos>
                    <gml:pos>32.23426 -110.34876 90.2</gml:pos>
                </gml:LineString>
            </cot:LocationLineString>
        </nc:LocationArea>
        <nc:LocationArea>
            <cot:LocationExternalPolygon>
                <gml:Polygon gml:id="P1" srsName="http://metadata.ces.mil/mdr/ns/GSIP/crs/WGS84E_3D">
                    <gml:exterior>
                        <gml:LinearRing>
                            <gml:pos>32.23426 -110.34511 90.2</gml:pos>
                            <gml:pos>32.23435 -110.34544 90.2</gml:pos>
                            <gml:pos>32.23444 -110.34555 90.2</gml:pos>
                            <gml:pos>32.23426 -110.34511 90.2</gml:pos>
                        </gml:LinearRing>
                    </gml:exterior>
                </gml:Polygon>
            </cot:LocationExternalPolygon>
        </nc:LocationArea>
        <mof:LocationCylinder>
            <mof:LocationPoint>
                <gml:Point gml:id="I1" srsName="http://metadata.ces.mil/mdr/ns/GSIP/crs/WGS84E_3D">
                    <gml:pos>32.23426 -110.34511 90.2</gml:pos>
                </gml:Point>
            </mof:LocationPoint>
            <mof:LocationCylinderRadiusValue>44.2</mof:LocationCylinderRadiusValue>
            <mof:LocationCylinderHalfHeightValue>21.7</mof:LocationCylinderHalfHeightValue>
            <mof:LocationCreationCode>MACHINE.GPS</mof:LocationCreationCode>
        </mof:LocationCylinder>
    </mof:EventLocation>
    <mof:EventValidityDateTimeRange>
        <nc:StartDate>
            <nc:DateTime>2006-05-04T18:13:51.0Z</nc:DateTime>
        </nc:StartDate>
        <nc:EndDate>
            <nc:DateTime>2006-05-04T18:13:51.0Z</nc:DateTime>
        </nc:EndDate>
    </mof:EventValidityDateTimeRange>
    <mof:EventMessageDateTime>
        <nc:DateTime>2006-05-04T18:13:51.0Z</nc:DateTime>
    </mof:EventMessageDateTime>
    <mof:EventMotion>
        <mof:CourseValue>179.5</mof:CourseValue>
        <mof:SlopeValue>-15.0</mof:SlopeValue>
        <mof:SpeedValue mof:sigmaErrorValue="25.0">225</mof:SpeedValue>
    </mof:EventMotion>
    <mof:EventRelativeOrientation>
        <mof:PitchValue mof:sigmaErrorValue="2">5.0</mof:PitchValue>
        <mof:RollValue mof:sigmaErrorValue="5">0.0</mof:RollValue>
        <mof:YawValue mof:sigmaErrorValue="5">0.0</mof:YawValue>
        <mof:PitchChangeValue>0</mof:PitchChangeValue>
        <mof:RollChangeValue>0</mof:RollChangeValue>
        <mof:YawChangeValue>0</mof:YawChangeValue>
    </mof:EventRelativeOrientation>
    <mof:EventContact>
         <mof:ContactDSNTelephoneNumber>
            <nc:TelephoneNumberFullID>456-7890</nc:TelephoneNumberFullID>
        </mof:ContactDSNTelephoneNumber>
        <nc:ContactTelephoneNumber>
            <nc:FullTelephoneNumber>
                <nc:TelephoneNumberFullID>234-567-8910</nc:TelephoneNumberFullID>
            </nc:FullTelephoneNumber>
        </nc:ContactTelephoneNumber>
        <nc:ContactEmailID>root@example.com</nc:ContactEmailID>
        <mof:ContactHostnameText>www.example.com</mof:ContactHostnameText> 
        <cot:ContactRadio>
            <nc:ContactRadioChannelText>115.4</nc:ContactRadioChannelText>
            <nc:ContactRadioCallSignID>FROGGER-7</nc:ContactRadioCallSignID>
            <cot:ContactRadioModulationText>FM</cot:ContactRadioModulationText>
        </cot:ContactRadio>
    </mof:EventContact>
    <mof:EventComment>
        <nc:CommentAuthorText>TBMCS</nc:CommentAuthorText>
        <nc:CommentCreationDate>
            <nc:DateTime>2006-05-04T18:13:51.0Z</nc:DateTime>
        </nc:CommentCreationDate>
        <nc:CommentText>Now is the time for all good men</nc:CommentText>
        <mof:CommentDestinationText>Someone somewhere</mof:CommentDestinationText>
    </mof:EventComment>
    <cot:EventTypeExtendedCode mof:codespaceID="http://examples.com/SillyAnimals">
        ANIMAL.ELEPHANT
    </cot:EventTypeExtendedCode>
    <cot:EventExternalIDList>
        <mof:EventID>
            <nc:IdentificationID>10023001</nc:IdentificationID>
            <nc:IdentificationJurisdiction>
                <mof:AuthorityURI>tbmcs</mof:AuthorityURI>
            </nc:IdentificationJurisdiction>
        </mof:EventID>
        <mof:EventID>
            <nc:IdentificationID>1101-2210-10</nc:IdentificationID>
            <nc:IdentificationJurisdiction>
                <mof:AuthorityURI>tadil</mof:AuthorityURI>
            </nc:IdentificationJurisdiction>
        </mof:EventID>
    </cot:EventExternalIDList>
    <cot:EventStandardIdentityCode>JOKER</cot:EventStandardIdentityCode>
    <cot:EventOPEXCode>EXERCISE</cot:EventOPEXCode>
    <cot:EventMessageDelivery>
        <cot:DeliveryPriorityNumeric>4</cot:DeliveryPriorityNumeric>
        <cot:DeliveryOvertakingCode>REPLACE</cot:DeliveryOvertakingCode>
        <cot:DeliveryAssuranceCode>GUARANTEED</cot:DeliveryAssuranceCode>
    </cot:EventMessageDelivery>
    <cot:EventMessageAccessText>some text here</cot:EventMessageAccessText>
    <cot:EventLink>
        <cot:LinkedEventID>
            <nc:IdentificationID>ImgReq-01</nc:IdentificationID>
        </cot:LinkedEventID>
        <cot:LinkedEventTypeCode>TASKING.STRIKE.INVESTIGATE</cot:LinkedEventTypeCode>
        <cot:EventLinkRelationCode>PARENT.TASKING</cot:EventLinkRelationCode>
        <cot:EventLinkURI>http://www.oxygenxml.com/</cot:EventLinkURI>
    </cot:EventLink>
    <cot:EventImage>
        <cot:ImageNITFTypeCode>SOME.CODE</cot:ImageNITFTypeCode>
        <cot:ImageGeoregisteredIndicator>false</cot:ImageGeoregisteredIndicator>
        <cot:ImageSourceEventID>
            <nc:IdentificationID>ID-12345</nc:IdentificationID>
        </cot:ImageSourceEventID>
        <cot:ImageResolutionValue>50</cot:ImageResolutionValue>
        <cot:FOVValue>179.5</cot:FOVValue>
        <cot:ImageAnalysisAvailibilityIndicator>false</cot:ImageAnalysisAvailibilityIndicator>
        <cot:MIMEContentCode>text/html</cot:MIMEContentCode>
        <nc:ImageWidthValue>50</nc:ImageWidthValue>
        <nc:ImageHeightValue>50</nc:ImageHeightValue>
        <cot:ImageProductionReasonText>ImageProductionReasonText0</cot:ImageProductionReasonText>
        <cot:ImageDataBandNumeric>50</cot:ImageDataBandNumeric>
        <cot:ImageSupplimentalMIMETypeList>ImageSupplimentalMIMETypeList0</cot:ImageSupplimentalMIMETypeList>
        <cot:ImageQualityText>ImageQualityText0</cot:ImageQualityText>
        <cot:ImageDataSizeValue>50</cot:ImageDataSizeValue>
        <cot:ImageDataURI>http://www.oxygenxml.com/</cot:ImageDataURI>
        <nc:Base64BinaryObject>ZGVmYXVsdA==</nc:Base64BinaryObject>
    </cot:EventImage>
    <cot:EventSensor>
        <mof:Orientation>
            <mof:AzimuthValue mof:sigmaErrorValue="10">225.5</mof:AzimuthValue>
            <mof:InclinationValue>-40</mof:InclinationValue>
            <mof:RollValue>145.5</mof:RollValue>
        </mof:Orientation>
        <cot:FOVValue>179.5</cot:FOVValue>
        <cot:VerticalFOVValue>179.5</cot:VerticalFOVValue>
        <cot:ApparentNorthAzimuthValue>179.5</cot:ApparentNorthAzimuthValue>
        <cot:SensorTypeCode>RASTER</cot:SensorTypeCode>
        <cot:SensorTypeExtendedCode mof:codespaceID="http://example.com/WhoKnowsWhat">BigPeeper</cot:SensorTypeExtendedCode>
        <cot:SensorModelName>Looky-Lou</cot:SensorModelName>
        <cot:TargetDistanceValue>12330</cot:TargetDistanceValue>
    </cot:EventSensor>
    <cot:EventRequest>
        <cot:ResponseDestinationEndpointText>udp://awacs.mil:2200</cot:ResponseDestinationEndpointText>
        <cot:RequestResponseDeadlineDateTime>2006-05-04T18:13:51.0Z</cot:RequestResponseDeadlineDateTime>
        <cot:RequestDestinationID>
            <nc:IdentificationID>IdentificationID0</nc:IdentificationID>
        </cot:RequestDestinationID>
        <cot:RequestAuthorityID>
            <nc:IdentificationID>IdentificationID1</nc:IdentificationID>
        </cot:RequestAuthorityID>
    </cot:EventRequest>
    <cot:EventMessageFlowtag>
        <nc:DateTime>2006-05-04T18:13:51.0Z</nc:DateTime>
        <cot:SystemName>tbmcs</cot:SystemName>
    </cot:EventMessageFlowtag>
    <cot:EventMessageFlowtag>
        <nc:DateTime>2006-05-04T18:13:51.0Z</nc:DateTime>
        <cot:SystemName>adocs</cot:SystemName>
    </cot:EventMessageFlowtag>
    <cot:EventCommunityExtensions>
        <anything><at-all/></anything>
    </cot:EventCommunityExtensions>
</cot:Event>

