<?xml version="1.0" encoding="UTF-8"?>
<mof:Event 
 xmlns:mof="http://example.com/milops/1.1/" 
 xmlns:nc="http://release.niem.gov/niem/niem-core/3.0/"
 xmlns:gml="http://www.opengis.net/gml/3.2">
    <mof:EventID>
        <nc:IdentificationID>12345-678</nc:IdentificationID>
        <nc:IdentificationJurisdiction>
            <mof:AuthorityURI>http://example.com/systemA</mof:AuthorityURI>
        </nc:IdentificationJurisdiction>
    </mof:EventID>
    <mof:EventID>
        <nc:IdentificationID>987:65432</nc:IdentificationID>
        <nc:IdentificationJurisdiction>
            <mof:AuthorityURI>http://example.com/systemB</mof:AuthorityURI>
        </nc:IdentificationJurisdiction>
    </mof:EventID>
    <mof:EventCategoryCode mof:codespaceID="http://example.com/spaceZ">CODE</mof:EventCategoryCode>
    <mof:EventLocation>
        <mof:LocationCylinder>
            <mof:LocationPoint>
            <gml:Point gml:id="I1" srsName="http://metadata.ces.mil/mdr/ns/GSIP/crs/WGS84E_3D">
                <gml:pos>32.23426 -110.34511 90.2</gml:pos>
            </gml:Point>                   
            </mof:LocationPoint>
            <mof:LocationCylinderRadiusValue>44.2</mof:LocationCylinderRadiusValue>
            <mof:LocationCylinderHalfHeightValue>21.7</mof:LocationCylinderHalfHeightValue>
        </mof:LocationCylinder>
    </mof:EventLocation>
    <mof:EventValidityDateTimeRange>
        <nc:StartDate>
            <nc:DateTime>2006-05-04T18:13:51.0Z</nc:DateTime>
        </nc:StartDate>
        <nc:EndDate>
            <nc:DateTime>2006-05-04T18:13:51.0Z</nc:DateTime>
        </nc:EndDate>
    </mof:EventValidityDateTimeRange>
    <mof:EventMessageDateTime>
        <nc:DateTime>2006-05-04T18:13:51.0Z</nc:DateTime>
    </mof:EventMessageDateTime>
    <mof:EventMotion>
        <mof:CourseValue>179.5</mof:CourseValue>
        <mof:SlopeValue>0.5</mof:SlopeValue>
        <mof:SpeedValue>50</mof:SpeedValue>
    </mof:EventMotion>
    <mof:EventRelativeOrientation>
        <mof:PitchValue>0.5</mof:PitchValue>
        <mof:RollValue>0.5</mof:RollValue>
        <mof:YawValue>0.5</mof:YawValue>
        <mof:PitchChangeValue>0.5</mof:PitchChangeValue>
        <mof:RollChangeValue>0.5</mof:RollChangeValue>
        <mof:YawChangeValue>0.5</mof:YawChangeValue>
    </mof:EventRelativeOrientation>
    <mof:EventContact>
        <mof:ContactDSNTelephoneNumber>
            <nc:TelephoneNumberFullID>TelephoneNumberFullID0</nc:TelephoneNumberFullID>
        </mof:ContactDSNTelephoneNumber>
        <mof:ContactHostnameText>ContactHostnameText0</mof:ContactHostnameText>
    </mof:EventContact>
    <mof:EventComment>
        <nc:CommentAuthorText>CommentAuthorText0</nc:CommentAuthorText>
        <nc:CommentCreationDate>
            <nc:DateTime>2006-05-04T18:13:51.0Z</nc:DateTime>
        </nc:CommentCreationDate>
        <nc:CommentText>CommentText0</nc:CommentText>
        <mof:CommentDestinationText>CommentDestinationText0</mof:CommentDestinationText>
        <mof:CommentKeywordsText>CommentKeywordsText0</mof:CommentKeywordsText>
    </mof:EventComment>
</mof:Event>
