<?xml version="1.0" encoding="US-ASCII"?>
<c:Catalog 
    xmlns:hw="http://example.com/HelloWorld/1.0/"
    xmlns:c="http://reference.niem.gov/niem/resource/mpd/catalog/3.0/"
    xmlns:structures="http://release.niem.gov/niem/structures/3.0/"
    xmlns:nc="http://release.niem.gov/niem/niem-core/3.0/">
    <c:MPD 
        c:mpdURI="http://example.com/HelloWorld/1.0rev1/" 
        c:mpdClassCodeList="iepd"
        c:mpdName="HelloWorld" 
        c:mpdVersionID="1.0rev1">
        <c:MPDInformation>
            <c:AuthoritativeSource> 
                <nc:EntityOrganization>
                    <nc:OrganizationName>NIEM Program Management Office</nc:OrganizationName>
                    <nc:OrganizationPrimaryContactInformation>
                        <nc:ContactWebsiteURI>http://niem.gov</nc:ContactWebsiteURI>
                    </nc:OrganizationPrimaryContactInformation>
                </nc:EntityOrganization>
            </c:AuthoritativeSource>
            <c:CreationDate>2014-04-08</c:CreationDate>
            <c:StatusText>Beta</c:StatusText>
        </c:MPDInformation>
        <c:IEPConformanceTarget structures:id="HelloWorld-IEP">
            <nc:DescriptionText>
                An IEP class for a timestamped greeting.
            </nc:DescriptionText>
            <c:HasDocumentElement c:qualifiedNameList="hw:HelloWorld"/>
            <c:XMLSchemaValid>
                <c:XMLCatalog c:pathURI="base-xsd/xml-catalog.xml"/>
            </c:XMLSchemaValid>
            <c:IEPSampleXMLDocument c:pathURI="iep-samples/iep01.xml"/>
        </c:IEPConformanceTarget>
        <c:ReadMe c:pathURI="readme.txt"/>
        <c:MPDChangeLog c:pathURI="changelog.txt"></c:MPDChangeLog>
        <c:Wantlist c:pathURI="base-xsd/niem/wantlist.xml"/>
        <c:ExtensionSchemaDocument c:pathURI="base-xsd/extension/HelloWorld.xsd"/>
     </c:MPD>
</c:Catalog>
